,tweet_id,text,favorite_count,retweet_count,created_at
0,1060588577602433024,RT @redsteeze: Same thing that happened to the Kavanaugh gang rape investigation https://t.co/bowon6O8E2,0,22,Thu Nov 08 17:43:16 +0000 2018
1,1060588463798374401,"My thoughts and prayers are with the families who lost loved ones last night in Thousand Oaks, CA!!!! üôèüèæüôèüèæüôèüèæüíØ #LoveIsStrongerThanHateüí™üèæ",564,190,Thu Nov 08 17:42:49 +0000 2018
2,1060588065238839298,"RT @PodSaveAmerica: ""Look at Beto O'Rourke, Stacey Abrams and Andrew Gillum, and the movement and people they've inspired, and then you tel‚Ä¶",0,184,Thu Nov 08 17:41:14 +0000 2018
3,1060588005969149952,"RT @KSoltisAnderson: One more thing, and this is the real punch in the face for Republicans: Millennials are now into their mid-30s. And lo‚Ä¶",0,127,Thu Nov 08 17:41:00 +0000 2018
4,1060587972452466688,"RT @realDailyWire: SALE: @BenShapiro 2024 Facts &gt; Feelings‚Äô shirt on sale this week only! 

&lt;Air horn&gt; =&gt; https://t.co/HkqCaeJSPf https://t‚Ä¶",0,3,Thu Nov 08 17:40:52 +0000 2018
5,1060587769469136897,RT @DKElections: Let's not lose sight of the fact that Democrats have flipped more House seats than they did in 2006 (and are on path to pi‚Ä¶,0,36,Thu Nov 08 17:40:03 +0000 2018
6,1060587741832867840,RT @creynoldsnc: This entire cycle @Schriock1 has said that we are going to deliver the majority with women.  I will confess that there wer‚Ä¶,0,17,Thu Nov 08 17:39:57 +0000 2018
7,1060587698946101249,"RT @JesseCharlesLee: Nixon at the peak of Watergate, right in front of our eyes. https://t.co/kVWDV7ekkO https://t.co/teKwbKpNef",0,32,Thu Nov 08 17:39:46 +0000 2018
8,1060587559930089472,"RT @chrislhayes: People aren‚Äôt objecting to firing Sessions! They‚Äôre objecting to making Whitaker acting AG, when you can easily fire Sessi‚Ä¶",0,3760,Thu Nov 08 17:39:13 +0000 2018
9,1060587270447673344,RT @neontaster: Literally one minute apart. https://t.co/XmHkwQbxM1,0,135,Thu Nov 08 17:38:04 +0000 2018
10,1060586587464101888,"We'll be covering the world chess championship match, which begins Friday. https://t.co/TMyJe0ndRP",14,1,Thu Nov 08 17:35:21 +0000 2018
11,1060586539925684224,"RT @ringer: Dear Vegas,
@ryenarussillo, @bykevinclark, and @robertmays are coming your way for a special #DualThreat x #NFLShow recording a‚Ä¶",0,3,Thu Nov 08 17:35:10 +0000 2018
12,1060586112949907456,"Collins and Menendez MASSIVELY underperformed the fundamentals. (There's still an outside chance that Collins loses, BTW). Hunter to a slightly lesser extent. Scandals had a BIG effect on these races. https://t.co/DqdEoGSJBG",268,57,Thu Nov 08 17:33:28 +0000 2018
13,1060585318905200641,A symbol of diverse cultures united across our City. #WearNewYork https://t.co/A7JEv0Q4XF,101,18,Thu Nov 08 17:30:19 +0000 2018
14,1060585298168635392,Cardi was in her bag on this one https://t.co/3M31vDbGcX,42,5,Thu Nov 08 17:30:14 +0000 2018
15,1060585289230442496,"RT @redsteeze: ""Actually kicking in the front doors of political pundits I don't like is good"" is not a standard I'm guessing Yglesias want‚Ä¶",0,125,Thu Nov 08 17:30:12 +0000 2018
16,1060585259773775872,RT @jpodhoretz: Sounds like Nelson's lawyer is going to argue Florida should incept votes from properly executed ballots that have blank ar‚Ä¶,0,42,Thu Nov 08 17:30:05 +0000 2018
17,1060585246301843456,#1train #2train and #3train have service change  #NYCsubway https://t.co/jh4U3Ctg8s,0,0,Thu Nov 08 17:30:02 +0000 2018
18,1060585152735133696,RT @ZekeJMiller: ATLANTA (AP) ‚Äî Stacey Abrams' campaign says it will continue fighting in Georgia governor's race; won't accept Kemp victor‚Ä¶,0,141,Thu Nov 08 17:29:39 +0000 2018
19,1060585106891571200,VIDEO: Derrick Rose Has NSFW Message for Lakers After Drilling 3-Pointer Over Lonzo Ball https://t.co/6bo4OYKNbn,2,0,Thu Nov 08 17:29:28 +0000 2018
20,1060584766007922689,"DaBaby says he was shopping with his family in Walmart when he was approached by two men who pulled a gun on him. Shortly afterwards, a deadly shooting took place
https://t.co/SVRSx0llMB",27,4,Thu Nov 08 17:28:07 +0000 2018
21,1060584608998158336,"RT @melissakchan: As someone who has had my press credentials denied by authoritarian China, I never thought I'd see this crap happen in th‚Ä¶",0,22453,Thu Nov 08 17:27:30 +0000 2018
22,1060584491092205570,"Now that Sessions is actually leaving, the fate of Mueller‚Äôs probe looks a lot more uncertain. https://t.co/3fZdv0syUD",12,8,Thu Nov 08 17:27:02 +0000 2018
23,1060583508748439552,#HeadbandBron undefeated in LA üòÇ https://t.co/hBqqmJJhjt,343,86,Thu Nov 08 17:23:07 +0000 2018
24,1060583491430100992,RT @brianschatz: The media got played. https://t.co/9nmMRNCqg3,0,708,Thu Nov 08 17:23:03 +0000 2018
25,1060583392813543424,"RT @oneunderscore__: üòòüëå
https://t.co/81vKfECUAg",0,18,Thu Nov 08 17:22:40 +0000 2018
26,1060583027439534085,"Here are your nominees for this week's #Shaqtin! üòÇ

Vote for your favorite moment in the poll below. ‚¨áÔ∏è",96,37,Thu Nov 08 17:21:13 +0000 2018
27,1060582798719762432,"Unveiled these a week ago.

More City Edition news coming today... https://t.co/PQzS3UIeUa",80,18,Thu Nov 08 17:20:18 +0000 2018
28,1060582040347783168,"RT @earlxsweat: WHO MADE THAT FUCKIN BEAT, U ASKED ?? @Kingsunnydey and the God Booliemane aka Darryl Johnson üò≠üò≠üò≠‚õΩÔ∏è‚õΩÔ∏è‚õΩÔ∏è",0,563,Thu Nov 08 17:17:17 +0000 2018
29,1060582027500703744,"RT @earlxsweat: YEEAAAAOEOOEOEOE TO SAY IM EXCITED TO B GIVING YALL MUSIC IS BIG UNDERSTATEMENT. THIS YEAR BEEN THE ROUGHEST OF MY LIFE, BU‚Ä¶",0,9781,Thu Nov 08 17:17:14 +0000 2018
30,1060581963415744513,"RT @noamscheiber: I agree with @NateSilver538 that an electoral-college strategy build around MI, WI, PA in 2020 is looking very viable aft‚Ä¶",0,51,Thu Nov 08 17:16:59 +0000 2018
31,1060581955929104384,"RT @Lilpeep: COWYS2 comes out tomorrow.  Some local stores will be carrying the pink cassette and limited 2LP vinyl version, as well as the‚Ä¶",0,993,Thu Nov 08 17:16:57 +0000 2018
32,1060581492898828288,Very rare https://t.co/aC0zNonUYG,45,6,Thu Nov 08 17:15:07 +0000 2018
33,1060581462146199553,RT @ShadyMadeMe6: @LiveLiteMarcel @MikeWiLLMadeIt @creedmovie When is the tracklist droppin?,0,1,Thu Nov 08 17:14:59 +0000 2018
34,1060580856572592128,RT @antall_en: Omfg @MikeWiLLMadeIt I love you bruh!!!! This is legendary af! https://t.co/grEhlc9LWd,0,3,Thu Nov 08 17:12:35 +0000 2018
35,1060580486827950080,RT @LiveLiteMarcel: @MikeWiLLMadeIt had a listening party for @creedmovie . Every song Slaps,0,3,Thu Nov 08 17:11:07 +0000 2018
36,1060580374961635328,Thank God for the day!,1819,921,Thu Nov 08 17:10:40 +0000 2018
37,1060580035390631936,It‚Äôs true that many House Republicans will have one more election to cling to their gerrymandered seats before many new Democratic governors and legislatures get to redraw the maps. https://t.co/vO0x4ihVKq,794,125,Thu Nov 08 17:09:19 +0000 2018
38,1060579898790576128,"Another day, another opportunity..",384,168,Thu Nov 08 17:08:47 +0000 2018
39,1060579136085749760,MOOD üòÇWhen‚Äôs the shirt dropping @PUMAHoops https://t.co/qJkEud66y5,219,43,Thu Nov 08 17:05:45 +0000 2018
40,1060579011456315392,".@smino‚Äôs ‚ÄòN√òIR‚Äô is out now with features from @dreezydreezy, @valee, @ravynlenae and more. What‚Äôs your favorite track so far? ü§î https://t.co/3kyAllxv1e",52,17,Thu Nov 08 17:05:15 +0000 2018
41,1060577739982471168,6ix9ine has some new music on the way https://t.co/Tc6lXufMzT,74,15,Thu Nov 08 17:00:12 +0000 2018
42,1060577218680774659,".@playboicarti has new music on the way. 

Listen to a preview of some tracks on his forthcoming project  https://t.co/yWQxLUbRSE",161,36,Thu Nov 08 16:58:08 +0000 2018
43,1060576170377244672,RT @EliLake: Mazel Tov to my friend @sohrabahmari on his new gig as op-ed editor of @nypost,0,5,Thu Nov 08 16:53:58 +0000 2018
44,1060575615911247872,RT @danpfeiffer: I have worked on one recount with @marceelias and prepared for a couple more and he is not someone who uses hyperbole. He‚Ä¶,0,209,Thu Nov 08 16:51:46 +0000 2018
45,1060575088150372357,RT @redsteeze: Racist Democrats is why John James lost. https://t.co/JM6oAJhNiC,0,759,Thu Nov 08 16:49:40 +0000 2018
46,1060575034693931008,"RT @DavidRutz: Domestic terrorism as a strategy, explained https://t.co/aENQe0YLRc",0,719,Thu Nov 08 16:49:27 +0000 2018
47,1060574495075905538,Also follow Nathaniel Rakich (@baseballot) for more on the uncalled races beat. We're going to try to be a go-to source for you on this stuff.,91,10,Thu Nov 08 16:47:18 +0000 2018
48,1060574274828812288,"What is clear is the importance of Pennsylvania, Wisconsin and Michigan. https://t.co/EnAtHHzlWN",21,8,Thu Nov 08 16:46:26 +0000 2018
49,1060574243677765632,"On the other side, we're also moving NY-22 from ""called D"" to Likely D.  https://t.co/u4noA9uaEI",117,21,Thu Nov 08 16:46:18 +0000 2018
50,1060574240708059136,RT @ryanobles: BREAKING: First @AndrewGillum statement on possible #FLGov recount ‚ÄúIt has become clear there are many more outstanding ball‚Ä¶,0,983,Thu Nov 08 16:46:18 +0000 2018
51,1060573939540393984,"Dipset SZN is here

https://t.co/1oZeH9a7jz",53,17,Thu Nov 08 16:45:06 +0000 2018
52,1060573847655714816,Celtics Unwillingness to Trade Terry Rozier Could Mean They‚Äôre Not Sold on Signing Kyrie Long Term https://t.co/2DtRYC1WvG,2,0,Thu Nov 08 16:44:44 +0000 2018
53,1060573189451931648,"RT @NPR: Christine Blasey Ford is still being harassed, her lawyers say. She's reportedly had to move four times. She's had to pay for a pr‚Ä¶",0,5054,Thu Nov 08 16:42:07 +0000 2018
54,1060572678304817152,#SIRtrain have delays [SIR] Tottenville-bound trains run on an adjusted schedule #NYC https://t.co/jh4U3Ctg8s,0,0,Thu Nov 08 16:40:05 +0000 2018
55,1060571868346834944,RT @NoahCRothman: It will be Christie. We can end the speculation right now. https://t.co/8FlGToh1co,0,109,Thu Nov 08 16:36:52 +0000 2018
56,1060571803595218945,"üÜï THE BREAK üÜï

Compton rapper @RoddyRicch has a sound of his own, and his hit single ""Die Young"" shows a lot of promise. Learn more about him on @XXL's The Break https://t.co/WQ1x7mF49N",63,19,Thu Nov 08 16:36:37 +0000 2018
57,1060571228367454209,"RT @jkylemann: HEY YOU GUYS

Here's part four (of four) of THE LEAP on the @ringer. A series where we examine the NBA's next generation of‚Ä¶",0,8,Thu Nov 08 16:34:19 +0000 2018
58,1060570855233732610,Thread https://t.co/T14jUe9rlG,245,39,Thu Nov 08 16:32:50 +0000 2018
59,1060570529466327041,ATTENTION NJT CUSTOMERS- The scheduled work on the Port Jervis line this weekend has been CANCELLED. Rail service will operate on a normal schedule. https://t.co/31GfLB8sZK https://t.co/cRA3rXAkk9,1,7,Thu Nov 08 16:31:33 +0000 2018
60,1060570437904674819,".@KendrickLamar's got a new song on the @MikeWiLLMadeIt-curated 'Creed 2' soundtrack 

https://t.co/xPBwRP8GYT",146,22,Thu Nov 08 16:31:11 +0000 2018
61,1060570384796471297,What went down in the 2018 midterms --&gt; https://t.co/o6YE4kJc7o,8,3,Thu Nov 08 16:30:58 +0000 2018
62,1060570330576519168,"RT @jmartNYT: .‚Å¶@clairecmc‚Å© gets at an important part of rural realignment: nationalizing of media sources. 

She said she‚Äôd see Fox on TV‚Ä¶",0,624,Thu Nov 08 16:30:45 +0000 2018
63,1060570180399587329,"What are your thoughts on this?

https://t.co/rzZSxkIUXC",34,8,Thu Nov 08 16:30:10 +0000 2018
64,1060569384803020800,"It's still baseball weather in Arizona, so Joe Harris and Jarrett Allen went to the park and took some cuts at the @Cubs' spring training facility on their day off ‚òÄÔ∏è‚öæ https://t.co/5aA1qs8IoK",57,8,Thu Nov 08 16:27:00 +0000 2018
65,1060569034893209600,"Gave the Why Not Zer0.1 a little remix so check out The Chaos ... out now in 2 colors!! #whynot ü§∑üèæ‚Äç‚ôÇÔ∏è 
https://t.co/krnpMSOMTU https://t.co/GInjssmjsU",1086,169,Thu Nov 08 16:25:36 +0000 2018
66,1060568299447173121,"Are the #Cavs‚Äô City Edition unis üåä or üóë? #ThisIsCLE 
üì∑: @cavs https://t.co/OpomFy8XuN",64,7,Thu Nov 08 16:22:41 +0000 2018
67,1060567693156405250,"RT @JustinVerrier: In the Lakers‚Äô 11 games: 9 have passed the crunch time threshold, 6 have been decided by 4 points or fewer, and 3 have h‚Ä¶",0,34,Thu Nov 08 16:20:17 +0000 2018
68,1060567637028229120,"#Btrain #Dtrain #Ftrain #Mtrain have delays Monday to Friday, until Nov 9Downtown [B] [Q] trains run at a slower speed in the area of 7 Av in Brooklyn #NYCsubway https://t.co/jh4U3Ctg8s",0,0,Thu Nov 08 16:20:03 +0000 2018
69,1060567476352835584,"A Stantonian Birthday. üåã

Buon compleanno, G! https://t.co/eeGTguAyDG",3140,577,Thu Nov 08 16:19:25 +0000 2018
70,1060567449593135105,I‚Äôve already gone into preemptive exile. https://t.co/K3uYAVqtw7,51,0,Thu Nov 08 16:19:19 +0000 2018
71,1060567280864641024,https://t.co/ONHEtwDpoI,13019,5181,Thu Nov 08 16:18:38 +0000 2018
72,1060566887497637888,(2002) @kobebryant üí≠üèÜ https://t.co/wUKS0rETtA,278,57,Thu Nov 08 16:17:05 +0000 2018
73,1060566407509872642,"Feels like people are sleeping on how wild this actually is

https://t.co/ZMTjsljzHv",141,24,Thu Nov 08 16:15:10 +0000 2018
74,1060565630850600965,I am dunked on https://t.co/snVDs2mWiM,115,1,Thu Nov 08 16:12:05 +0000 2018
75,1060565259616870400,"RT @HotlineJosh: Looking like the national House vote will be awfully similar to 2006.

Dems won House vote by 6.4% in 2006.
Just under tha‚Ä¶",0,22,Thu Nov 08 16:10:36 +0000 2018
76,1060565144974049280,This is a fair point. https://t.co/HC4Dz31Gff,41,6,Thu Nov 08 16:10:09 +0000 2018
77,1060564974224003072,I have always known I was going to wind up in an Austrian prison. https://t.co/4bjp9GxfUx,84,2,Thu Nov 08 16:09:28 +0000 2018
78,1060564728315969536,"RT @RBPundit: Um. Do you even know what universal background checks are?

Because this guy went through a background check. https://t.co/pN‚Ä¶",0,278,Thu Nov 08 16:08:30 +0000 2018
79,1060564545243111427,"Pick one: the Grizzlies' wrestling-inspired City Edition unis or the Sixers' 'Rocky' and #Creed2-inspired ones.
#GrindCity #HereTheyCome https://t.co/R0DokWPFXk",8,1,Thu Nov 08 16:07:46 +0000 2018
80,1060564506131058688,"RT @RabbiWolpe: Soundtrack of olam haba: The Sinatra bridge, low&amp;rising, in Riddle arranged ‚ÄúOld Man River‚Äù (&amp; the broken ‚Äòand‚Äô in Basie ‚Äòe‚Ä¶",0,4,Thu Nov 08 16:07:37 +0000 2018
81,1060563546373832704,About last night. https://t.co/KNWu12luDt,300,43,Thu Nov 08 16:03:48 +0000 2018
82,1060563086497714181,One more. Just some light googling https://t.co/8OKYmulRjj,5,1,Thu Nov 08 16:01:58 +0000 2018
83,1060562890086891522,I'll be signing autographs @NEPicture_com on Nov. 13 c/o @Fanatics. Come out and see @smart_MS3 &amp; me. #CUsRise #FanaticsExclusive https://t.co/5EygiMaQCr,98,10,Thu Nov 08 16:01:11 +0000 2018
84,1060562778723926016,Here it is #HEATNation - the official intro video for #ViceNights. I‚Äôm excited to be wearing this jersey during my #OneLastDance with the @MiamiHEAT. You can get your own #ViceNights jersey tonight at midnight at @AAarena or online. https://t.co/4jQYM9zIVi,1511,764,Thu Nov 08 16:00:45 +0000 2018
85,1060562695806689280,This one is from just the other night. https://t.co/TdpTItAyrg,6,1,Thu Nov 08 16:00:25 +0000 2018
86,1060562639934382080,"Happy Birthday, @ERICB! üéâ 

https://t.co/TYQ9OnhTqm",34,11,Thu Nov 08 16:00:12 +0000 2018
87,1060562620019826688,"REMINDER-Due to Positive Train Control (PTC) track work and signal improvements, buses will replace Port Jervis Line trains between Harriman and Port Jervis stations tomorrow night, November 9 through Sunday, November 11. More info: https://t.co/RbK6MDOjcS https://t.co/YG0SgnR4Wr",4,2,Thu Nov 08 16:00:07 +0000 2018
88,1060562593725796352,Oh yeah here‚Äôs one. Missouri I think. https://t.co/2X4zkRq8NN,7,1,Thu Nov 08 16:00:01 +0000 2018
89,1060562449307484161,Lance Stephenson GETS IN THE GYM Right After Lakers Defeat Timberwolves! https://t.co/lpyE78fR5K,3,0,Thu Nov 08 15:59:26 +0000 2018
90,1060561391751479296,"Never a dull moment... Da Homie
@christuckerreal murk‚Äôd it last night!!! https://t.co/uqZ1J2fWdB",631,80,Thu Nov 08 15:55:14 +0000 2018
91,1060561344255217664,"Creed's Scott Stapp says that he wasn't trying to commit suicide when T.I. found him and got him to the hospital in 2006

https://t.co/SGCYlMNAaY",20,1,Thu Nov 08 15:55:03 +0000 2018
92,1060561338617876480,I enjoyed this https://t.co/Re9aPOlHEB,797,65,Thu Nov 08 15:55:02 +0000 2018
93,1060561199761448961,"Can‚Äôt organize in the street anymore? Is that true? I think I saw some recently, let‚Äôs see if I can dig up the pics... https://t.co/mfkavbvj05",10,1,Thu Nov 08 15:54:28 +0000 2018
94,1060561143222190081,ü§∑üèæ‚Äç‚ôÇÔ∏è https://t.co/UOhvCgNulA,47,10,Thu Nov 08 15:54:15 +0000 2018
95,1060560677620731904,RT @esaagar: Protestors did not merely gather and shout outside @TuckerCarlson's home. They broke his oak front door while his wife was hom‚Ä¶,0,2632,Thu Nov 08 15:52:24 +0000 2018
96,1060560597765378048,"RT @iowahawkblog: Tanned, relaxed, ready https://t.co/eF46aARQYg",0,81,Thu Nov 08 15:52:05 +0000 2018
97,1060560086324654080,"Delays reported on #Btrain #Dtrain #Ftrain #Mtrain Monday to Friday, until Nov 9Downtown [B] [Q] trains run at a slower speed in the area of 7 Av in Brooklyn #MTA https://t.co/jh4U3Ctg8s",0,0,Thu Nov 08 15:50:03 +0000 2018
98,1060559501563031553,Lenny Williams - ‚ÄúCause I love you‚Äù google that millennials please. I would love for you to appreciate it,1095,267,Thu Nov 08 15:47:44 +0000 2018
99,1060558949894774785,We‚Äôll update this post on a semi-regular basis --&gt; https://t.co/mkjF6lOz3e,27,13,Thu Nov 08 15:45:32 +0000 2018
100,1060558935734681600,Calling all superheroes. Today is the day. Join us for Cape Day to honor all of the brave patients at @Children‚Äôs Health. Check out https://t.co/FqRccn90W2 for more. #CapeDayNTX https://t.co/GyNSRGuQIZ,861,119,Thu Nov 08 15:45:29 +0000 2018
101,1060558834840821762,"Before the fame

https://t.co/SMDoVRrtRY",61,22,Thu Nov 08 15:45:05 +0000 2018
102,1060558458578030592,"If you don‚Äôt know the song, doesn‚Äôt mean the song wack... mean you wack.",2882,764,Thu Nov 08 15:43:35 +0000 2018
103,1060557936974532608,"RT @MSGNetworks: That was a scary fall for @Enes_Kanter, but don't worry about him. He's just getting ready for his @WWE career. üòÅ #Knicks‚Ä¶",0,47,Thu Nov 08 15:41:31 +0000 2018
104,1060557903462125568,RT @mariohezonja: @Enes_Kanter @WWE Hadi karde≈üim!!!!! ‚ù§Ô∏èüá≠üá∑ üáπüá∑,0,8,Thu Nov 08 15:41:23 +0000 2018
105,1060557846104817666,"The Celtics and Sixers are both feeling growing pains as they incorporate Hayward and Fultz into the mix. But it‚Äôs a necessity. On the challenges finding balance for both teams, from Monday on @ringer: https://t.co/l4pLyZHq6r",53,3,Thu Nov 08 15:41:09 +0000 2018
106,1060557810059145216,Don‚Äôt tweet about Antifa and set your phone down for an hour.,102,3,Thu Nov 08 15:41:00 +0000 2018
107,1060557684263374854,This is my point. Correlation between state gun laws and mass shootings is non-existent. https://t.co/OjHE8871gz,5053,1016,Thu Nov 08 15:40:30 +0000 2018
108,1060557035022897152,"We did a new Rewatchables podcast: ‚ÄòAll the President‚Äôs Men‚Äô w/ me, @ChrisRyan77 @SeanFennessey ... Get out your headphones, there‚Äôs more. Your lives are in danger.

https://t.co/wkMv98cs4g",61,2,Thu Nov 08 15:37:56 +0000 2018
109,1060556901585436675,"The newly-elected D House members also strike me as being fairly ready for duty‚Äîthere weren't the sort of accidental winners you sometimes see in wave elections. A lot of them are liable to be fairly tough incumbents, although the incumbency advantage is weaker than it once was.",856,108,Thu Nov 08 15:37:24 +0000 2018
110,1060556758538608640,"RT @cjane87: If this is like when I finished my thesis they‚Äôve got two cans of Monster and six packs of gum and let‚Äôs not lie, the last ten‚Ä¶",0,78,Thu Nov 08 15:36:50 +0000 2018
111,1060556241452367872,"He likes movies. He likes music. He likes to eat. He works out. He goes on dates.

Just a normal guy.

Just a normal guy who is ranked second in the world in chess. 

https://t.co/3f49HxymKN",63,8,Thu Nov 08 15:34:46 +0000 2018
112,1060556049260990464,"If Dems hold the House in 2020, it may get easier after that because the map will probably be less gerrymandered thereafter. I kind of wonder if we're entering an era where Congress will be split (D House, R Senate) a lot more often.",879,132,Thu Nov 08 15:34:00 +0000 2018
113,1060555936312377344,RT @RachaelBL: I cried when I watched @MiaBLove‚Äôs 2017 March for Life speech. So I was especially outraged by Trump‚Äôs caustic remarks about‚Ä¶,0,201,Thu Nov 08 15:33:34 +0000 2018
114,1060555839088410624,"RT @BreakingNews: @AP Sheriff: Gunman is believed to have used a legally purchased .45 caliber handgun with an ""extended magazine;"" believe‚Ä¶",0,193,Thu Nov 08 15:33:10 +0000 2018
115,1060555773560840193,"RT @michaelshermer: Another Dream Deferred. My @QuilletteM on how identity politics, intersectionality theory, and tribal divisiveness are‚Ä¶",0,91,Thu Nov 08 15:32:55 +0000 2018
116,1060555394861461506,"That popular vote margin is going to rise‚ÄîI'm guessing to about 7%, maybe 7.5%‚Äîbut Democrats did a really good job capitalizing on their opportunities. https://t.co/wAZEHslrc6",936,179,Thu Nov 08 15:31:24 +0000 2018
117,1060555080129306625,"Boss moves only

https://t.co/NND559cIV5",101,16,Thu Nov 08 15:30:09 +0000 2018
118,1060554886117502977,Kristine Leahy does a complete breakdown of the Lakers ‚Äì Wolves game from her court-side seat https://t.co/JHjbj9gWDd,1,0,Thu Nov 08 15:29:23 +0000 2018
119,1060554262562754560,"RT @JD_Tuccille: ""the group broke his oak door and one person mentioned a pipe bomb, as heard on a security video."" https://t.co/BIGF3PqjJG‚Ä¶",0,881,Thu Nov 08 15:26:54 +0000 2018
120,1060552537143758852,#Atrain #Ctrain and #Etrain have delays  #MTA https://t.co/jh4U3Ctg8s,0,0,Thu Nov 08 15:20:03 +0000 2018
121,1060552282167631873,"RT @RaviMGupta: .@GinaOrtizJones campaign needs help on the ground. If you or someone you know can spring into action in the district, emai‚Ä¶",0,128,Thu Nov 08 15:19:02 +0000 2018
122,1060551859096539136,"RT @LongIslandNets: GAME DAY üèÄ
üìç @nycblive
‚è∞ 7:00pm
üì∫ @yesnetwork &amp; ESPN+
üìª @wrhusports 
üéô @K_Dexter, @randyfoye &amp; @G_Antoniello 
üéü https:/‚Ä¶",0,9,Thu Nov 08 15:17:21 +0000 2018
123,1060551487603073024,Waking up feeling like...... https://t.co/GxKOEejsGU,102,13,Thu Nov 08 15:15:53 +0000 2018
124,1060551282933547008,"Abel's got a new LP on the way

https://t.co/1WWST1DGnr",139,36,Thu Nov 08 15:15:04 +0000 2018
125,1060551186972065793,"‚ÄòLong season, man‚Äô: Why Boston isn‚Äôt sweating its slow start https://t.co/PyOBBUuc0T",0,1,Thu Nov 08 15:14:41 +0000 2018
126,1060550228879818753,"‚¨áÔ∏è Today in Hip-Hop ‚¨áÔ∏è

@Eminem ends up having four singles in the Billboard Hot 100 chart's top 20 

https://t.co/aAFBHmJndI",177,50,Thu Nov 08 15:10:53 +0000 2018
127,1060550024877223939,Planned work reported on #Ltrain [L] Service runs every 12 minutes between Myrtle-Wyckoff Avs and Rockaway Pkwy in Brooklyn #MTA https://t.co/jh4U3Ctg8s,0,0,Thu Nov 08 15:10:04 +0000 2018
128,1060549853955153921,Backwoods &amp; Big Shots.. YM.. Vise Versa ü§ôüèæ https://t.co/AeeYZXDKK4,2134,439,Thu Nov 08 15:09:23 +0000 2018
129,1060549265334943744,"Lil Peep and XXXTentacion's posthumous song ""Falling Down"" has officially been certified gold

https://t.co/eNVTcrc7Nu",239,47,Thu Nov 08 15:07:03 +0000 2018
130,1060547511469961216,"Happy Birthday @TechN9ne! üéâ What's his best song ever?

https://t.co/FgNJ0n3ATN",94,18,Thu Nov 08 15:00:05 +0000 2018
131,1060547134129389568,RT @Ruleyork: You 50 trolls are trying waaay to hard hope y‚Äôall getting a check and not just a ‚úîÔ∏èlmao... Anyway for the ones on the short b‚Ä¶,0,80,Thu Nov 08 14:58:35 +0000 2018
132,1060547052877299713,"We're also moving GA-7‚Äîanother one where the networks differ‚Äîfrom ""called R"" to Likely R. The Dem trails by 900 votes here but there's 20K absentee votes still left to be counted. https://t.co/2p5vDKarsP",363,109,Thu Nov 08 14:58:16 +0000 2018
133,1060546539850883073,RT @andrewthehan: [üéß] Running diary pod from @WindhorstESPN as he starts at shootaround with @TajGibson22 @ATolliver44 and ends the day fro‚Ä¶,0,5,Thu Nov 08 14:56:13 +0000 2018
134,1060545860000497665,[Canton Rep] - NBA G League Preview: Canton Charge at Maine Red Claws https://t.co/oHfYp9TEVp,1,0,Thu Nov 08 14:53:31 +0000 2018
135,1060545793046781952,I will give all my organs to RBG.  Just lemme know what she needs.,6,0,Thu Nov 08 14:53:15 +0000 2018
136,1060545061757190144,Flame thrower! https://t.co/XgzMmxrjFk,345,40,Thu Nov 08 14:50:21 +0000 2018
137,1060544326902509568,RT @LEBassett: Please- nobody ask @PressSec another question until she is forced to address the doctored video she fed the public.,0,2649,Thu Nov 08 14:47:26 +0000 2018
138,1060544135348645889,The Brady Center says California has the nation‚Äôs strongest gun laws. https://t.co/ZUZBPwragQ,6615,1978,Thu Nov 08 14:46:40 +0000 2018
139,1060543754338217986,"Weezy was spazzing on this

https://t.co/IOrF3p3re2",197,62,Thu Nov 08 14:45:09 +0000 2018
140,1060543686155489280,RT @guypbenson: ‚ÄúThe protesters had blocked off both ends of his street and carried signs that listed his home address.‚Äù They also cracked‚Ä¶,0,2050,Thu Nov 08 14:44:53 +0000 2018
141,1060543664978415624,"RT @realDailyWire: THE @BENSHAPIRO SHOW: SUNDAY SPECIAL! @JohnStossel joins Ben to discuss Libertarianism, drug decriminalization, the Amer‚Ä¶",0,40,Thu Nov 08 14:44:48 +0000 2018
142,1060543644682334208,This is like asking ‚Äúwhat would you recommend instead of sticking my finger in a light socket?‚Äù There are many answers. All of them start with not sticking your finger in light sockets anymore. https://t.co/V1ivT3H2KX,46,3,Thu Nov 08 14:44:43 +0000 2018
143,1060541482266816512,"RT @brianstelter: Carlson's wife ""locked herself in the pantry and called 911."" @DCPoliceDept responded to the scene. Police will be paying‚Ä¶",0,573,Thu Nov 08 14:36:07 +0000 2018
144,1060541429922103296,I am antifascist. I also believe the Antifa kids are so confoundingly stupid that they may as well be a false flag operation. Not saying they ARE a false flag operation. Just that they may as well be for all the good they do.,443,53,Thu Nov 08 14:35:55 +0000 2018
145,1060541415761952770,RT @SethAMandel: All Trump had to do was say ‚ÄúDear diary‚Äù and Acosta would‚Äôve disintegrated on the spot and he‚Äôd be president forever,0,276,Thu Nov 08 14:35:52 +0000 2018
146,1060540649424863232,"RT @LahavHarkov: Her mourning after the Pittsburgh tragedy was clearly just a brief detour from her regularly-scheduled antisemitism. 

As‚Ä¶",0,376,Thu Nov 08 14:32:49 +0000 2018
147,1060540406318850054,"Nets fans! We have 10 exclusive fan experiences at @barclayscenter designed to give you and your family memories that will last a lifetime. Get your package today before we come back home next week!

üëâ https://t.co/3NDOrPxmWe https://t.co/5rA9HthFXb",19,4,Thu Nov 08 14:31:51 +0000 2018
148,1060540338543050754,RT @abc7greg: Absolutely heartbreaking interview from witness with @ABC7Jory at scene of reported mass shooting at #Borderline in #Thousand‚Ä¶,0,6428,Thu Nov 08 14:31:35 +0000 2018
149,1060539974523719680,"J. Cole has been in his bag all 2018

https://t.co/BVfxTkyPm0",263,52,Thu Nov 08 14:30:08 +0000 2018
150,1060539959004680194,RT @BenShapQuotes: https://t.co/KxxI2Ifi5P,0,117,Thu Nov 08 14:30:04 +0000 2018
151,1060539955154423808,"#7train have planned work Nov 7 - 9, Wed to Fri, 10:15 AM to 3 PMNov 12 - 16, Mon to Fri, 10:15 AM to 3 PMFlushing-bound [7] trains skip 33, 40, 46, 52 and 69 Sts in Queens #NYCsubway https://t.co/jh4U3Ctg8s",0,0,Thu Nov 08 14:30:03 +0000 2018
152,1060539874686599169,RT @SeanTrende: You can sort of sort these districts that flipped into a few buckets (obvs things have changed since I sketched this out la‚Ä¶,0,13,Thu Nov 08 14:29:44 +0000 2018
153,1060539380769660934,Renewed strength in the Upper Midwest would be great news for Democrats. https://t.co/q7fYvWXiI3,30,8,Thu Nov 08 14:27:46 +0000 2018
154,1060538906595098624,RT @marklevinshow: Horror https://t.co/3hwvVhv7EE,0,227,Thu Nov 08 14:25:53 +0000 2018
155,1060538387231199232,RT @jpodhoretz: @samstein his resume is that he was chief of staff for Ashcroft and then US Attorney in Iowa. That's actually his resume.,0,31,Thu Nov 08 14:23:50 +0000 2018
156,1060537842143649793,RT @marklevinshow: Another that the media ignore https://t.co/YdsnLLDzqj,0,2090,Thu Nov 08 14:21:40 +0000 2018
157,1060537417994653697,"RT @WillieGeist: This is Ventura County Sherrif‚Äôs Sgt. Ron Helus, killed as he responded to stop the mass shooting at Borderline Bar and Gr‚Ä¶",0,6243,Thu Nov 08 14:19:58 +0000 2018
158,1060537245428473857,"RT @realDailyWire: So It Begins | The @BenShapiro Show Ep. 654

WATCH: https://t.co/LozIlT3p6J https://t.co/71vyupmz5l",0,19,Thu Nov 08 14:19:17 +0000 2018
159,1060536899213893632,"6ix9ine's manager faces assault charges after turning himself in for his alleged role in a New York shooting that led to one of Tekashi's associates being shot

https://t.co/r6LIuCQzR6",38,5,Thu Nov 08 14:17:55 +0000 2018
160,1060536841391067141,RT @laurennnjoness2: my history professor is tired of our shit https://t.co/iYqe0N2tOc,0,18115,Thu Nov 08 14:17:41 +0000 2018
161,1060536681529405442,"RT @MaxRose4NY: You might be seeing a lot of hot takes about how we won. Here‚Äôs the truth - it wasn‚Äôt that complicated: 

‚úÖ Knock on every‚Ä¶",0,319,Thu Nov 08 14:17:03 +0000 2018
162,1060536463618531328,RT @SonnyBunch: I‚Äôm sad this is no longer what Jim Acosta‚Äôs profile looks like because it‚Äôs kind of perfect. https://t.co/wh4JqU0K3k,0,168,Thu Nov 08 14:16:11 +0000 2018
163,1060536216943124480,RT @charlescwcooke: Wishing a speedy recovery to Justice Ginsburg. Broken ribs are excruciating.,0,431,Thu Nov 08 14:15:12 +0000 2018
164,1060536042925711361,RT @EdMorrissey: Yikes. https://t.co/bCsgkgxRfP,0,20,Thu Nov 08 14:14:31 +0000 2018
165,1060535995806990336,"Among the uncalled Senate races, we have Arizona as Lean R, Florida as Likely R, and the Mississippi special election also as Likely R.

Republicans will net 3 seats from Democrats if they win all 3.",192,71,Thu Nov 08 14:14:19 +0000 2018
166,1060534940293627904,Planned work reported on #Ntrain #Qtrain #Rtrain #Wtrain [W] Service is replaced by [N] trains between 57 St-7 Av in Manhattan and Ditmars Blvd in Queens[W] Trains run every 20 minutes in Manhattan #MTA https://t.co/jh4U3Ctg8s,0,0,Thu Nov 08 14:10:08 +0000 2018
167,1060534255284113411,"Blac Youngsta is hilarious

https://t.co/dLzLvchyhd",86,20,Thu Nov 08 14:07:24 +0000 2018
168,1060533455468007424,"NY-27 (Chris Collins) is another one where there's some disagreement on whether the race can be called. After looking at it, we're moving it to Likely R. The margin is ~2700 with ~10K absentees to be counted. Highly likely Collins wins but not 100% safe. https://t.co/bOeEXtYdMd",222,61,Thu Nov 08 14:04:14 +0000 2018
169,1060532845356158977,RT @ollie: the world chess championship starts tomorrow. here‚Äôs the american who could win it: https://t.co/Ctk4UF6zc0,0,50,Thu Nov 08 14:01:48 +0000 2018
170,1060532814544801793,Wells Fargo admitted that 545 of its customers lost their homes thanks to ‚Äúan internal underwriting error‚Äù in its software. https://t.co/8OsYxfEI2T,37,32,Thu Nov 08 14:01:41 +0000 2018
171,1060532244970958848,"Allonzo Trier Full Highlights 2018.11.07 Knicks vs Hawks ‚Äì 16 Pts, NASTY Crossover! | FreeDawkins https://t.co/PbBNIPB1fi",2,0,Thu Nov 08 13:59:25 +0000 2018
172,1060528623143346176,"This has to be a first, right?

https://t.co/LGAdHeBqhG",134,32,Thu Nov 08 13:45:02 +0000 2018
173,1060528533913636864,Tyson Chandler On Lakers Reception When He Checked In For First Time https://t.co/0gCmqakD0g,2,0,Thu Nov 08 13:44:40 +0000 2018
174,1060527298162634752,"Missed one: We're also rating TX-23, which has been called by some networks and not others, as Likely R.

Most likely, though, it will be the five in the middle, CA-10, CA-39, CA-45, ME-2 and NJ-3, that determine where we end up on the scale from D+35 to D+40.",377,90,Thu Nov 08 13:39:46 +0000 2018
175,1060525302915440646,"Here's how we rate the remaining uncalled races. In several of these, there are concessions but no official @ABC or AP call:
Solid D (&gt;=95%)‚ÄîCA-48, CA-49, WA-8
Likely D (~85%)‚ÄîNM-2, UT-4
Lean D (~65%)‚ÄîCA-10, CA-39
Tossup (~50%)‚ÄîCA-45, ME-2, NJ-3
Lean R
Likely R
Solid R‚ÄîMN-1, NC-9",497,155,Thu Nov 08 13:31:50 +0000 2018
176,1060524664949219329,Tim Hardaway Jr Full Highlights 2018.11.07 Knicks vs Hawks ‚Äì 34 Pts! | FreeDawkins https://t.co/MkH7aGVcVN,0,0,Thu Nov 08 13:29:18 +0000 2018
177,1060522906327879685,These aren‚Äôt your slightly older sibling‚Äôs Lakers. #LakeShow https://t.co/otAnpkxkX5,58,11,Thu Nov 08 13:22:19 +0000 2018
178,1060522275030601730,Democrats won The Ossoff Seat. https://t.co/MrHrWGGu03,9236,1497,Thu Nov 08 13:19:48 +0000 2018
179,1060521091540680704,"6ix9ine always has time

https://t.co/ToBjF90FCP",111,15,Thu Nov 08 13:15:06 +0000 2018
180,1060519832440004608,Planned work on #SIRtrain [SIR] Tottenville-bound trains run on an adjusted schedule #MTA https://t.co/jh4U3Ctg8s,0,0,Thu Nov 08 13:10:06 +0000 2018
181,1060519684687192065,"The Sunbelt Strategy may be tempting to Dems, especially if Texas is now more competitive. But the Northern Path‚ÄîWisconsin, Michigan, Pennsylvania‚Äîsure looks a lot easier. What you really don't want it to get stuck in between the two, which is sort of what happened to Clinton.",1148,163,Thu Nov 08 13:09:30 +0000 2018
182,1060518993298182144,"Basically, a Democrat hoping to win the WH can undertake one of 2 strategies:
1) Northern Path‚ÄîFlip WI, MI &amp; PA back to blue. Hold MN.
2) Sunbelt Strategy‚ÄîLose all the above states, but win FL and any of NC, AZ, TX(!), GA.",663,212,Thu Nov 08 13:06:46 +0000 2018
183,1060518580649811970,Why I Don't Wear a Suit and Can't Figure Out Why Anyone Does ! https://t.co/0FcmH6ZSOC via @wordpressdotcom,899,218,Thu Nov 08 13:05:07 +0000 2018
184,1060517571030642693,"Of course, Tuesday was a very blue night. But if you shift every state toward Republicans by 6 points, which roughly reflects what you'd get in a neutral political environment, here's what the map looks like. This looks like a pretty fair fight for the Electoral College. https://t.co/HKe1z66C22",348,113,Thu Nov 08 13:01:07 +0000 2018
185,1060517376729538568,"Travis really wanted people to vote

https://t.co/qSUq76Lnvq",121,20,Thu Nov 08 13:00:20 +0000 2018
186,1060517363613872128,Welcome to Atlanta https://t.co/EYm2tGsQEi,76,21,Thu Nov 08 13:00:17 +0000 2018
187,1060517194663112705,RT @maggiekb1: Remember kids: matching names between databases is not easy (if you care about accuracy) https://t.co/lkq35xXNfj,0,15,Thu Nov 08 12:59:37 +0000 2018
188,1060517110147887104,"Trae Young vs Frank Ntilikina PG Duel 2018.11.07 ‚Äì Trae With 15-8, CLAMPED By Ntilikina! https://t.co/g9ctbru7i3",2,0,Thu Nov 08 12:59:17 +0000 2018
189,1060517002404659201,"Democrats did very well in Michigan, Wisconsin and Pennsylvania, which are basically the tipping-point states right now. I posted this map last night, but here's who won each state in the popular vote for the House in each state. Dark blue / dark red = won by at least 5 points. https://t.co/Q7PLB6d4Ob",715,310,Thu Nov 08 12:58:51 +0000 2018
